{
  "created_at": "2026-07-02T14:23:56.250399",
  "rows_joined": 30,
  "features": [
    "positive_count",
    "negative_count",
    "net_sentiment",
    "avg_pos_prob",
    "avg_neg_prob",
    "total_news",
    "change_pct_BTC_USD",
    "change_pct_GLD",
    "change_pct_SIF",
    "close_BTC_USD",
    "close_GLD",
    "close_SIF",
    "volatility_BTC_USD",
    "volatility_GLD",
    "volatility_SIF"
  ],
  "target": "kurs_change_pct",
  "top_correlation": {
    "kurs_change_pct": 1.0,
    "change_pct_SIF": 0.5049747878182785,
    "change_pct_BTC_USD": 0.17144178431404128,
    "volatility_GLD": 0.12639567680981206,
    "volatility_SIF": 0.11570993805816517,
    "avg_pos_prob": 0.09931899172715274,
    "close_SIF": 0.06924217910831046,
    "close_BTC_USD": 0.06873785126329439,
    "change_pct_GLD": 0.06546723538649923,
    "avg_neg_prob": 0.028534001306438406
  },
  "model_type": "RandomForestRegressor",
  "r2": -0.28484871710445003,
  "mae": 0.20828798050595237,
  "note": "Model regresi sederhana untuk membaca pengaruh relatif fitur X terhadap perubahan kurs.",
  "top_feature_importance": {
    "volatility_GLD": 0.18350570711030245,
    "change_pct_SIF": 0.170809350647054,
    "close_BTC_USD": 0.16134317444641566,
    "change_pct_BTC_USD": 0.0939201687284539,
    "avg_pos_prob": 0.0675666983906655,
    "volatility_BTC_USD": 0.0638878376036082,
    "close_GLD": 0.059864455580911136,
    "change_pct_GLD": 0.04743696510286611,
    "avg_neg_prob": 0.04710068266783793,
    "volatility_SIF": 0.04538599558198784
  }
}